Patient	Pheno	Count_all_Norm
003	Total_Cells	174
003	CD4+	149.79885057471265
003	CD163+	50.70114942528736
