Patient	Pheno	Count_all_Norm
002	Total_Cells	211
002	CD4+	143.4857819905213
002	CD163+	57.014218009478675
