Patient	Pheno	Count_Norm
003	Total_Cells	174
003	CD4+	143.82183908045977
003	CD163+	48.67816091954023
