Patient	Pheno	Count_Norm
002	Total_Cells	211
002	CD4+	137.760663507109
002	CD163+	54.73933649289099
