Patient	Pheno	Count_all_Norm
004	Total_Cells	284
004	CD4+	87.54225352112675
004	CD163+	112.95774647887325
