Patient	Pheno	Count_all_Norm
Set8_11-6plex_S	Total_Cells	2637
Set8_11-6plex_S	CD68+	1861.4764252306913
Set8_11-6plex_S	CD8+	748.7119201112375
Set8_11-6plex_S	FoxP3+	1684.6018202502842
Set8_11-6plex_S	CK+	233.54316774111996
