Patient	Pheno	Count_all_Norm
Set12_20-6plex_S	Total_Cells	1832
Set12_20-6plex_S	CD68+	2105.971615720524
Set12_20-6plex_S	CD8+	561.0980713245997
Set12_20-6plex_S	FoxP3+	1339.7143377001455
Set12_20-6plex_S	CK+	521.549308588064
