Patient	Pheno	Count_Norm
Set12_20-6plex_S	Total_Cells	1832
Set12_20-6plex_S	CD68+	1123.909847161572
Set12_20-6plex_S	CD8+	299.4454639737991
Set12_20-6plex_S	FoxP3+	714.9755131004367
Set12_20-6plex_S	CK+	278.33917576419213
