Patient	Pheno	Count_all_Norm
001	Total_Cells	133
001	CD4+	117.58646616541353
001	CD163+	82.91353383458646
