Patient	Pheno	Count_all_Norm
Set12_20-6plex_T	Total_Cells	8532
Set12_20-6plex_T	CD68+	72.18159087357398
Set12_20-6plex_T	CD8+	40.33677137052664
Set12_20-6plex_T	FoxP3+	22.291373652133146
Set12_20-6plex_T	CK+	4393.523597437099
