Patient	Pheno	Count_Norm
Set12_20-6plex_T	Total_Cells	8532
Set12_20-6plex_T	CD68+	105.8415377402719
Set12_20-6plex_T	CD8+	59.146741678387244
Set12_20-6plex_T	FoxP3+	32.68635724331927
Set12_20-6plex_T	CK+	6442.325363338022
