Patient	Pheno	Count_Norm
Set8_11-6plex_T	Total_Cells	5630
Set8_11-6plex_T	CD68+	205.21492007104794
Set8_11-6plex_T	CD8+	91.99289520426288
Set8_11-6plex_T	FoxP3+	73.12255772646536
Set8_11-6plex_T	CK+	6269.669626998224
